PsersonID,BookID,IssueDate,ReturnDate,PlannedReturnDate
3,1,4/11/2022,11/11/2022,
4,2,4/11/2022,12/11/2022,
1,3,4/11/2022,11/11/2022,
2,4,4/11/2022,,20/11/2022
5,5,4/11/2022,,20/11/2022
7,6,4/11/2022,,15/11/2022
6,7,4/11/2022,11/11/2022,
8,8,5/10/2022,12/10/2022,
11,9,5/10/2022,12/10/2022,
9,10,5/10/2022,12/10/2022,
8,11,5/10/2022,12/10/2022,
10,12,5/10/2022,12/10/2022,
14,13,24/10/2022,30/10/2022,
15,14,24/10/2022,20/10/2022,
13,15,30/10/2022,,17/11/2022
12,16,30/10/2022,,17/11/2022
